--
-- PostgreSQL database dump
--

-- Dumped from database version 17.1
-- Dumped by pg_dump version 17.1

SET statement_timeout = 0;
SET lock_timeout = 0;
SET idle_in_transaction_session_timeout = 0;
SET transaction_timeout = 0;
SET client_encoding = 'UTF8';
SET standard_conforming_strings = on;
SELECT pg_catalog.set_config('search_path', '', false);
SET check_function_bodies = false;
SET xmloption = content;
SET client_min_messages = warning;
SET row_security = off;

SET default_tablespace = '';

SET default_table_access_method = heap;

--
-- Name: auth_group; Type: TABLE; Schema: public; Owner: postgres
--

CREATE TABLE public.auth_group (
    id integer NOT NULL,
    name character varying(150) NOT NULL
);


ALTER TABLE public.auth_group OWNER TO postgres;

--
-- Name: auth_group_id_seq; Type: SEQUENCE; Schema: public; Owner: postgres
--

ALTER TABLE public.auth_group ALTER COLUMN id ADD GENERATED BY DEFAULT AS IDENTITY (
    SEQUENCE NAME public.auth_group_id_seq
    START WITH 1
    INCREMENT BY 1
    NO MINVALUE
    NO MAXVALUE
    CACHE 1
);


--
-- Name: auth_group_permissions; Type: TABLE; Schema: public; Owner: postgres
--

CREATE TABLE public.auth_group_permissions (
    id bigint NOT NULL,
    group_id integer NOT NULL,
    permission_id integer NOT NULL
);


ALTER TABLE public.auth_group_permissions OWNER TO postgres;

--
-- Name: auth_group_permissions_id_seq; Type: SEQUENCE; Schema: public; Owner: postgres
--

ALTER TABLE public.auth_group_permissions ALTER COLUMN id ADD GENERATED BY DEFAULT AS IDENTITY (
    SEQUENCE NAME public.auth_group_permissions_id_seq
    START WITH 1
    INCREMENT BY 1
    NO MINVALUE
    NO MAXVALUE
    CACHE 1
);


--
-- Name: auth_permission; Type: TABLE; Schema: public; Owner: postgres
--

CREATE TABLE public.auth_permission (
    id integer NOT NULL,
    name character varying(255) NOT NULL,
    content_type_id integer NOT NULL,
    codename character varying(100) NOT NULL
);


ALTER TABLE public.auth_permission OWNER TO postgres;

--
-- Name: auth_permission_id_seq; Type: SEQUENCE; Schema: public; Owner: postgres
--

ALTER TABLE public.auth_permission ALTER COLUMN id ADD GENERATED BY DEFAULT AS IDENTITY (
    SEQUENCE NAME public.auth_permission_id_seq
    START WITH 1
    INCREMENT BY 1
    NO MINVALUE
    NO MAXVALUE
    CACHE 1
);


--
-- Name: django_admin_log; Type: TABLE; Schema: public; Owner: postgres
--

CREATE TABLE public.django_admin_log (
    id integer NOT NULL,
    action_time timestamp with time zone NOT NULL,
    object_id text,
    object_repr character varying(200) NOT NULL,
    action_flag smallint NOT NULL,
    change_message text NOT NULL,
    content_type_id integer,
    user_id bigint NOT NULL,
    CONSTRAINT django_admin_log_action_flag_check CHECK ((action_flag >= 0))
);


ALTER TABLE public.django_admin_log OWNER TO postgres;

--
-- Name: django_admin_log_id_seq; Type: SEQUENCE; Schema: public; Owner: postgres
--

ALTER TABLE public.django_admin_log ALTER COLUMN id ADD GENERATED BY DEFAULT AS IDENTITY (
    SEQUENCE NAME public.django_admin_log_id_seq
    START WITH 1
    INCREMENT BY 1
    NO MINVALUE
    NO MAXVALUE
    CACHE 1
);


--
-- Name: django_content_type; Type: TABLE; Schema: public; Owner: postgres
--

CREATE TABLE public.django_content_type (
    id integer NOT NULL,
    app_label character varying(100) NOT NULL,
    model character varying(100) NOT NULL
);


ALTER TABLE public.django_content_type OWNER TO postgres;

--
-- Name: django_content_type_id_seq; Type: SEQUENCE; Schema: public; Owner: postgres
--

ALTER TABLE public.django_content_type ALTER COLUMN id ADD GENERATED BY DEFAULT AS IDENTITY (
    SEQUENCE NAME public.django_content_type_id_seq
    START WITH 1
    INCREMENT BY 1
    NO MINVALUE
    NO MAXVALUE
    CACHE 1
);


--
-- Name: django_migrations; Type: TABLE; Schema: public; Owner: postgres
--

CREATE TABLE public.django_migrations (
    id bigint NOT NULL,
    app character varying(255) NOT NULL,
    name character varying(255) NOT NULL,
    applied timestamp with time zone NOT NULL
);


ALTER TABLE public.django_migrations OWNER TO postgres;

--
-- Name: django_migrations_id_seq; Type: SEQUENCE; Schema: public; Owner: postgres
--

ALTER TABLE public.django_migrations ALTER COLUMN id ADD GENERATED BY DEFAULT AS IDENTITY (
    SEQUENCE NAME public.django_migrations_id_seq
    START WITH 1
    INCREMENT BY 1
    NO MINVALUE
    NO MAXVALUE
    CACHE 1
);


--
-- Name: django_session; Type: TABLE; Schema: public; Owner: postgres
--

CREATE TABLE public.django_session (
    session_key character varying(40) NOT NULL,
    session_data text NOT NULL,
    expire_date timestamp with time zone NOT NULL
);


ALTER TABLE public.django_session OWNER TO postgres;

--
-- Name: propiedad_localidad; Type: TABLE; Schema: public; Owner: postgres
--

CREATE TABLE public.propiedad_localidad (
    id bigint NOT NULL,
    localidad character varying(100) NOT NULL
);


ALTER TABLE public.propiedad_localidad OWNER TO postgres;

--
-- Name: propiedad_localidad_id_seq; Type: SEQUENCE; Schema: public; Owner: postgres
--

ALTER TABLE public.propiedad_localidad ALTER COLUMN id ADD GENERATED BY DEFAULT AS IDENTITY (
    SEQUENCE NAME public.propiedad_localidad_id_seq
    START WITH 1
    INCREMENT BY 1
    NO MINVALUE
    NO MAXVALUE
    CACHE 1
);


--
-- Name: propiedad_propiedad; Type: TABLE; Schema: public; Owner: postgres
--

CREATE TABLE public.propiedad_propiedad (
    id bigint NOT NULL,
    titulo character varying(50) NOT NULL,
    foto character varying(100),
    ambientes integer NOT NULL,
    metros_cuadrados integer NOT NULL,
    precio numeric(10,2) NOT NULL,
    moneda character varying(30) NOT NULL,
    direccion character varying(55) NOT NULL,
    descripcion text NOT NULL,
    fecha_creacion timestamp with time zone NOT NULL,
    fecha_actualizacion timestamp with time zone NOT NULL,
    agente_id bigint NOT NULL,
    localidad_id bigint NOT NULL,
    tipo_operacion_id bigint NOT NULL,
    tipo_propiedad_id bigint NOT NULL,
    CONSTRAINT propiedad_propiedad_ambientes_check CHECK ((ambientes >= 0)),
    CONSTRAINT propiedad_propiedad_metros_cuadrados_check CHECK ((metros_cuadrados >= 0))
);


ALTER TABLE public.propiedad_propiedad OWNER TO postgres;

--
-- Name: propiedad_propiedad_id_seq; Type: SEQUENCE; Schema: public; Owner: postgres
--

ALTER TABLE public.propiedad_propiedad ALTER COLUMN id ADD GENERATED BY DEFAULT AS IDENTITY (
    SEQUENCE NAME public.propiedad_propiedad_id_seq
    START WITH 1
    INCREMENT BY 1
    NO MINVALUE
    NO MAXVALUE
    CACHE 1
);


--
-- Name: propiedad_propiedadfoto; Type: TABLE; Schema: public; Owner: postgres
--

CREATE TABLE public.propiedad_propiedadfoto (
    id bigint NOT NULL,
    ubicacion_url character varying(255) NOT NULL,
    descripcion_foto character varying(255) NOT NULL,
    propiedad_id bigint NOT NULL
);


ALTER TABLE public.propiedad_propiedadfoto OWNER TO postgres;

--
-- Name: propiedad_propiedadfoto_id_seq; Type: SEQUENCE; Schema: public; Owner: postgres
--

ALTER TABLE public.propiedad_propiedadfoto ALTER COLUMN id ADD GENERATED BY DEFAULT AS IDENTITY (
    SEQUENCE NAME public.propiedad_propiedadfoto_id_seq
    START WITH 1
    INCREMENT BY 1
    NO MINVALUE
    NO MAXVALUE
    CACHE 1
);


--
-- Name: propiedad_tipooperacion; Type: TABLE; Schema: public; Owner: postgres
--

CREATE TABLE public.propiedad_tipooperacion (
    id bigint NOT NULL,
    tipo_operacion character varying(100) NOT NULL
);


ALTER TABLE public.propiedad_tipooperacion OWNER TO postgres;

--
-- Name: propiedad_tipooperacion_id_seq; Type: SEQUENCE; Schema: public; Owner: postgres
--

ALTER TABLE public.propiedad_tipooperacion ALTER COLUMN id ADD GENERATED BY DEFAULT AS IDENTITY (
    SEQUENCE NAME public.propiedad_tipooperacion_id_seq
    START WITH 1
    INCREMENT BY 1
    NO MINVALUE
    NO MAXVALUE
    CACHE 1
);


--
-- Name: propiedad_tipopropiedad; Type: TABLE; Schema: public; Owner: postgres
--

CREATE TABLE public.propiedad_tipopropiedad (
    id bigint NOT NULL,
    tipo_propiedad character varying(100) NOT NULL
);


ALTER TABLE public.propiedad_tipopropiedad OWNER TO postgres;

--
-- Name: propiedad_tipopropiedad_id_seq; Type: SEQUENCE; Schema: public; Owner: postgres
--

ALTER TABLE public.propiedad_tipopropiedad ALTER COLUMN id ADD GENERATED BY DEFAULT AS IDENTITY (
    SEQUENCE NAME public.propiedad_tipopropiedad_id_seq
    START WITH 1
    INCREMENT BY 1
    NO MINVALUE
    NO MAXVALUE
    CACHE 1
);


--
-- Name: publicacion_agentepublicacion; Type: TABLE; Schema: public; Owner: postgres
--

CREATE TABLE public.publicacion_agentepublicacion (
    id bigint NOT NULL,
    agente_id bigint NOT NULL,
    publicacion_id bigint NOT NULL
);


ALTER TABLE public.publicacion_agentepublicacion OWNER TO postgres;

--
-- Name: publicacion_agentepublicacion_id_seq; Type: SEQUENCE; Schema: public; Owner: postgres
--

ALTER TABLE public.publicacion_agentepublicacion ALTER COLUMN id ADD GENERATED BY DEFAULT AS IDENTITY (
    SEQUENCE NAME public.publicacion_agentepublicacion_id_seq
    START WITH 1
    INCREMENT BY 1
    NO MINVALUE
    NO MAXVALUE
    CACHE 1
);


--
-- Name: publicacion_publicacion; Type: TABLE; Schema: public; Owner: postgres
--

CREATE TABLE public.publicacion_publicacion (
    id bigint NOT NULL,
    titulo character varying(40) NOT NULL,
    ambientes integer NOT NULL,
    precio numeric(10,2) NOT NULL,
    moneda character varying(30) NOT NULL,
    descripcion text NOT NULL,
    fecha_creacion timestamp with time zone NOT NULL,
    fecha_actualizacion timestamp with time zone NOT NULL,
    cliente_id bigint NOT NULL,
    localidad_id bigint NOT NULL,
    tipo_operacion_id bigint NOT NULL,
    tipo_propiedad_id bigint NOT NULL,
    CONSTRAINT publicacion_publicacion_ambientes_check CHECK ((ambientes >= 0))
);


ALTER TABLE public.publicacion_publicacion OWNER TO postgres;

--
-- Name: publicacion_publicacion_id_seq; Type: SEQUENCE; Schema: public; Owner: postgres
--

ALTER TABLE public.publicacion_publicacion ALTER COLUMN id ADD GENERATED BY DEFAULT AS IDENTITY (
    SEQUENCE NAME public.publicacion_publicacion_id_seq
    START WITH 1
    INCREMENT BY 1
    NO MINVALUE
    NO MAXVALUE
    CACHE 1
);


--
-- Name: publicacion_publicaciontipooper; Type: TABLE; Schema: public; Owner: postgres
--

CREATE TABLE public.publicacion_publicaciontipooper (
    id bigint NOT NULL,
    publicacion_id bigint NOT NULL,
    tipo_operacion_id bigint NOT NULL
);


ALTER TABLE public.publicacion_publicaciontipooper OWNER TO postgres;

--
-- Name: publicacion_publicaciontipooper_id_seq; Type: SEQUENCE; Schema: public; Owner: postgres
--

ALTER TABLE public.publicacion_publicaciontipooper ALTER COLUMN id ADD GENERATED BY DEFAULT AS IDENTITY (
    SEQUENCE NAME public.publicacion_publicaciontipooper_id_seq
    START WITH 1
    INCREMENT BY 1
    NO MINVALUE
    NO MAXVALUE
    CACHE 1
);


--
-- Name: publicacion_publicaciontipoprop; Type: TABLE; Schema: public; Owner: postgres
--

CREATE TABLE public.publicacion_publicaciontipoprop (
    id bigint NOT NULL,
    publicacion_id bigint NOT NULL,
    tipo_propiedad_id bigint NOT NULL
);


ALTER TABLE public.publicacion_publicaciontipoprop OWNER TO postgres;

--
-- Name: publicacion_publicaciontipoprop_id_seq; Type: SEQUENCE; Schema: public; Owner: postgres
--

ALTER TABLE public.publicacion_publicaciontipoprop ALTER COLUMN id ADD GENERATED BY DEFAULT AS IDENTITY (
    SEQUENCE NAME public.publicacion_publicaciontipoprop_id_seq
    START WITH 1
    INCREMENT BY 1
    NO MINVALUE
    NO MAXVALUE
    CACHE 1
);


--
-- Name: usuario_usuario; Type: TABLE; Schema: public; Owner: postgres
--

CREATE TABLE public.usuario_usuario (
    id bigint NOT NULL,
    password character varying(128) NOT NULL,
    last_login timestamp with time zone,
    is_superuser boolean NOT NULL,
    username character varying(150) NOT NULL,
    first_name character varying(150) NOT NULL,
    last_name character varying(150) NOT NULL,
    email character varying(254) NOT NULL,
    is_staff boolean NOT NULL,
    is_active boolean NOT NULL,
    date_joined timestamp with time zone NOT NULL,
    dni character varying(20) NOT NULL,
    telefono character varying(20) NOT NULL,
    is_agente boolean NOT NULL,
    matricula character varying(20),
    is_moderador boolean NOT NULL
);


ALTER TABLE public.usuario_usuario OWNER TO postgres;

--
-- Name: usuario_usuario_groups; Type: TABLE; Schema: public; Owner: postgres
--

CREATE TABLE public.usuario_usuario_groups (
    id bigint NOT NULL,
    usuario_id bigint NOT NULL,
    group_id integer NOT NULL
);


ALTER TABLE public.usuario_usuario_groups OWNER TO postgres;

--
-- Name: usuario_usuario_groups_id_seq; Type: SEQUENCE; Schema: public; Owner: postgres
--

ALTER TABLE public.usuario_usuario_groups ALTER COLUMN id ADD GENERATED BY DEFAULT AS IDENTITY (
    SEQUENCE NAME public.usuario_usuario_groups_id_seq
    START WITH 1
    INCREMENT BY 1
    NO MINVALUE
    NO MAXVALUE
    CACHE 1
);


--
-- Name: usuario_usuario_id_seq; Type: SEQUENCE; Schema: public; Owner: postgres
--

ALTER TABLE public.usuario_usuario ALTER COLUMN id ADD GENERATED BY DEFAULT AS IDENTITY (
    SEQUENCE NAME public.usuario_usuario_id_seq
    START WITH 1
    INCREMENT BY 1
    NO MINVALUE
    NO MAXVALUE
    CACHE 1
);


--
-- Name: usuario_usuario_user_permissions; Type: TABLE; Schema: public; Owner: postgres
--

CREATE TABLE public.usuario_usuario_user_permissions (
    id bigint NOT NULL,
    usuario_id bigint NOT NULL,
    permission_id integer NOT NULL
);


ALTER TABLE public.usuario_usuario_user_permissions OWNER TO postgres;

--
-- Name: usuario_usuario_user_permissions_id_seq; Type: SEQUENCE; Schema: public; Owner: postgres
--

ALTER TABLE public.usuario_usuario_user_permissions ALTER COLUMN id ADD GENERATED BY DEFAULT AS IDENTITY (
    SEQUENCE NAME public.usuario_usuario_user_permissions_id_seq
    START WITH 1
    INCREMENT BY 1
    NO MINVALUE
    NO MAXVALUE
    CACHE 1
);


--
-- Data for Name: auth_group; Type: TABLE DATA; Schema: public; Owner: postgres
--

COPY public.auth_group (id, name) FROM stdin;
\.


--
-- Data for Name: auth_group_permissions; Type: TABLE DATA; Schema: public; Owner: postgres
--

COPY public.auth_group_permissions (id, group_id, permission_id) FROM stdin;
\.


--
-- Data for Name: auth_permission; Type: TABLE DATA; Schema: public; Owner: postgres
--

COPY public.auth_permission (id, name, content_type_id, codename) FROM stdin;
1	Can add log entry	1	add_logentry
2	Can change log entry	1	change_logentry
3	Can delete log entry	1	delete_logentry
4	Can view log entry	1	view_logentry
5	Can add permission	2	add_permission
6	Can change permission	2	change_permission
7	Can delete permission	2	delete_permission
8	Can view permission	2	view_permission
9	Can add group	3	add_group
10	Can change group	3	change_group
11	Can delete group	3	delete_group
12	Can view group	3	view_group
13	Can add content type	4	add_contenttype
14	Can change content type	4	change_contenttype
15	Can delete content type	4	delete_contenttype
16	Can view content type	4	view_contenttype
17	Can add session	5	add_session
18	Can change session	5	change_session
19	Can delete session	5	delete_session
20	Can view session	5	view_session
21	Can add Usuario	6	add_usuario
22	Can change Usuario	6	change_usuario
23	Can delete Usuario	6	delete_usuario
24	Can view Usuario	6	view_usuario
25	Can add agente publicacion	7	add_agentepublicacion
26	Can change agente publicacion	7	change_agentepublicacion
27	Can delete agente publicacion	7	delete_agentepublicacion
28	Can view agente publicacion	7	view_agentepublicacion
29	Can add publicacion	8	add_publicacion
30	Can change publicacion	8	change_publicacion
31	Can delete publicacion	8	delete_publicacion
32	Can view publicacion	8	view_publicacion
33	Can add publicacion tipo oper	9	add_publicaciontipooper
34	Can change publicacion tipo oper	9	change_publicaciontipooper
35	Can delete publicacion tipo oper	9	delete_publicaciontipooper
36	Can view publicacion tipo oper	9	view_publicaciontipooper
37	Can add publicacion tipo prop	10	add_publicaciontipoprop
38	Can change publicacion tipo prop	10	change_publicaciontipoprop
39	Can delete publicacion tipo prop	10	delete_publicaciontipoprop
40	Can view publicacion tipo prop	10	view_publicaciontipoprop
41	Can add localidad	11	add_localidad
42	Can change localidad	11	change_localidad
43	Can delete localidad	11	delete_localidad
44	Can view localidad	11	view_localidad
45	Can add propiedad	12	add_propiedad
46	Can change propiedad	12	change_propiedad
47	Can delete propiedad	12	delete_propiedad
48	Can view propiedad	12	view_propiedad
49	Can add propiedad foto	13	add_propiedadfoto
50	Can change propiedad foto	13	change_propiedadfoto
51	Can delete propiedad foto	13	delete_propiedadfoto
52	Can view propiedad foto	13	view_propiedadfoto
53	Can add tipo operacion	14	add_tipooperacion
54	Can change tipo operacion	14	change_tipooperacion
55	Can delete tipo operacion	14	delete_tipooperacion
56	Can view tipo operacion	14	view_tipooperacion
57	Can add tipo propiedad	15	add_tipopropiedad
58	Can change tipo propiedad	15	change_tipopropiedad
59	Can delete tipo propiedad	15	delete_tipopropiedad
60	Can view tipo propiedad	15	view_tipopropiedad
\.


--
-- Data for Name: django_admin_log; Type: TABLE DATA; Schema: public; Owner: postgres
--

COPY public.django_admin_log (id, action_time, object_id, object_repr, action_flag, change_message, content_type_id, user_id) FROM stdin;
\.


--
-- Data for Name: django_content_type; Type: TABLE DATA; Schema: public; Owner: postgres
--

COPY public.django_content_type (id, app_label, model) FROM stdin;
1	admin	logentry
2	auth	permission
3	auth	group
4	contenttypes	contenttype
5	sessions	session
6	usuario	usuario
7	publicacion	agentepublicacion
8	publicacion	publicacion
9	publicacion	publicaciontipooper
10	publicacion	publicaciontipoprop
11	propiedad	localidad
12	propiedad	propiedad
13	propiedad	propiedadfoto
14	propiedad	tipooperacion
15	propiedad	tipopropiedad
\.


--
-- Data for Name: django_migrations; Type: TABLE DATA; Schema: public; Owner: postgres
--

COPY public.django_migrations (id, app, name, applied) FROM stdin;
1	contenttypes	0001_initial	2024-11-19 13:38:10.467624-03
2	contenttypes	0002_remove_content_type_name	2024-11-19 13:38:10.473969-03
3	auth	0001_initial	2024-11-19 13:38:10.499228-03
4	auth	0002_alter_permission_name_max_length	2024-11-19 13:38:10.502162-03
5	auth	0003_alter_user_email_max_length	2024-11-19 13:38:10.504691-03
6	auth	0004_alter_user_username_opts	2024-11-19 13:38:10.513829-03
7	auth	0005_alter_user_last_login_null	2024-11-19 13:38:10.518303-03
8	auth	0006_require_contenttypes_0002	2024-11-19 13:38:10.519804-03
9	auth	0007_alter_validators_add_error_messages	2024-11-19 13:38:10.523029-03
10	auth	0008_alter_user_username_max_length	2024-11-19 13:38:10.526375-03
11	auth	0009_alter_user_last_name_max_length	2024-11-19 13:38:10.530522-03
12	auth	0010_alter_group_name_max_length	2024-11-19 13:38:10.538044-03
13	auth	0011_update_proxy_permissions	2024-11-19 13:38:10.541336-03
14	auth	0012_alter_user_first_name_max_length	2024-11-19 13:38:10.544611-03
15	usuario	0001_initial	2024-11-19 13:38:10.565188-03
16	admin	0001_initial	2024-11-19 13:38:10.578246-03
17	admin	0002_logentry_remove_auto_add	2024-11-19 13:38:10.58203-03
18	admin	0003_logentry_add_action_flag_choices	2024-11-19 13:38:10.585833-03
19	propiedad	0001_initial	2024-11-19 13:38:10.601243-03
20	propiedad	0002_initial	2024-11-19 13:38:10.664519-03
21	publicacion	0001_initial	2024-11-19 13:38:10.676524-03
22	publicacion	0002_initial	2024-11-19 13:38:10.754436-03
23	sessions	0001_initial	2024-11-19 13:38:10.760727-03
\.


--
-- Data for Name: django_session; Type: TABLE DATA; Schema: public; Owner: postgres
--

COPY public.django_session (session_key, session_data, expire_date) FROM stdin;
surt6lryxkbxl9k1ybqga436amwca4to	.eJxVjEEOwiAQRe_C2hAGSgWX7nsGMgyDVA0kpV0Z765NutDtf-_9lwi4rSVsnZcwJ3ERWpx-t4j04LqDdMd6a5JaXZc5yl2RB-1yaomf18P9OyjYy7dWDsA6jGNm7YldznxmGDyAijkZ7YE9KMM-EoMlh6w5DgCjQbKYSLw_7RE4hg:1tDRL1:keZ_vkJP-fqReNdYPKZFcyD-xVpmH_lnvYQKWXXFT0U	2024-12-03 13:44:27.81207-03
u3wyovxq4y8n2kka5sn3rm8awga1w2sr	.eJxVjEEOwiAQRe_C2hCwpYBL9z0DGWYGqRpISrsy3l1JutDkr_57eS8RYN9y2BuvYSFxEVqcfr8I-ODSAd2h3KrEWrZ1ibIr8qBNzpX4eT3cv0CGlnv27I2JWqFFN5BhctEhgPZkxwTRJ5yG7yxBgmSs1-TVqBP4iZGdUuL9AfetOJw:1tDRRz:LYlYQmsrebQYlJXI0fj2RgsbPVwHgtl6hsgO8M7yLRo	2024-12-03 13:51:39.70085-03
\.


--
-- Data for Name: propiedad_localidad; Type: TABLE DATA; Schema: public; Owner: postgres
--

COPY public.propiedad_localidad (id, localidad) FROM stdin;
1	Agronomía
2	Almagro
3	Balvanera
4	Barracas
5	Belgrano
6	Boedo
7	Caballito
8	Chacarita
9	Coghlan
10	Colegiales
11	Constitución
12	Flores
13	Floresta
14	La Boca
15	La Paternal
16	Liniers
17	Mataderos
18	Monte Castro
19	Monserrat
20	Nueva Pompeya
21	Núñez
22	Palermo
23	Parque Avellaneda
24	Parque Chacabuco
25	Parque Chas
26	Parque Patricios
27	Puerto Madero
28	Recoleta
29	Retiro
30	Saavedra
31	San Cristóbal
32	San Nicolás
33	San Telmo
34	Vélez Sársfield
35	Versalles
36	Villa Crespo
37	Villa del Parque
38	Villa Devoto
39	Villa General Mitre
40	Villa Lugano
41	Villa Luro
42	Villa Ortúzar
43	Villa Pueyrredón
44	Villa Real
45	Villa Riachuelo
46	Villa Santa Rita
47	Villa Soldati
48	Villa Urquiza
\.


--
-- Data for Name: propiedad_propiedad; Type: TABLE DATA; Schema: public; Owner: postgres
--

COPY public.propiedad_propiedad (id, titulo, foto, ambientes, metros_cuadrados, precio, moneda, direccion, descripcion, fecha_creacion, fecha_actualizacion, agente_id, localidad_id, tipo_operacion_id, tipo_propiedad_id) FROM stdin;
\.


--
-- Data for Name: propiedad_propiedadfoto; Type: TABLE DATA; Schema: public; Owner: postgres
--

COPY public.propiedad_propiedadfoto (id, ubicacion_url, descripcion_foto, propiedad_id) FROM stdin;
\.


--
-- Data for Name: propiedad_tipooperacion; Type: TABLE DATA; Schema: public; Owner: postgres
--

COPY public.propiedad_tipooperacion (id, tipo_operacion) FROM stdin;
1	Alquiler
2	Compra
3	Venta
\.


--
-- Data for Name: propiedad_tipopropiedad; Type: TABLE DATA; Schema: public; Owner: postgres
--

COPY public.propiedad_tipopropiedad (id, tipo_propiedad) FROM stdin;
1	Casa
2	Departamento
3	Garage
4	Local comercial
5	Oficina comercial
6	PH
7	Quinta
8	Terreno
\.


--
-- Data for Name: publicacion_agentepublicacion; Type: TABLE DATA; Schema: public; Owner: postgres
--

COPY public.publicacion_agentepublicacion (id, agente_id, publicacion_id) FROM stdin;
\.


--
-- Data for Name: publicacion_publicacion; Type: TABLE DATA; Schema: public; Owner: postgres
--

COPY public.publicacion_publicacion (id, titulo, ambientes, precio, moneda, descripcion, fecha_creacion, fecha_actualizacion, cliente_id, localidad_id, tipo_operacion_id, tipo_propiedad_id) FROM stdin;
\.


--
-- Data for Name: publicacion_publicaciontipooper; Type: TABLE DATA; Schema: public; Owner: postgres
--

COPY public.publicacion_publicaciontipooper (id, publicacion_id, tipo_operacion_id) FROM stdin;
\.


--
-- Data for Name: publicacion_publicaciontipoprop; Type: TABLE DATA; Schema: public; Owner: postgres
--

COPY public.publicacion_publicaciontipoprop (id, publicacion_id, tipo_propiedad_id) FROM stdin;
\.


--
-- Data for Name: usuario_usuario; Type: TABLE DATA; Schema: public; Owner: postgres
--

COPY public.usuario_usuario (id, password, last_login, is_superuser, username, first_name, last_name, email, is_staff, is_active, date_joined, dni, telefono, is_agente, matricula, is_moderador) FROM stdin;
2	pbkdf2_sha256$870000$UOwXd9wexfpSeGUcEZURXa$1LG7Cg/JqL7zSC9puQgIKh+1JEl1sSZL9MV8xXvlNnc=	2024-11-19 13:44:27.810734-03	t	admin			admin@andobuscando.com.ar	t	t	2024-11-19 13:40:32.702694-03			f	\N	f
1	pbkdf2_sha256$870000$eQ8rIg9YJXA2UNh2bL4tPo$CU+FDbSHSnRC+ULH8mBe8iBI0g4ykW1hD+HNbHjxwCg=	2024-11-19 13:51:15.656941-03	f	enzojb	Enzo	Barosi	enzobarosi@gmail.com	f	t	2024-11-19 13:39:31.285056-03	39388349	1112341234	t	12345	f
\.


--
-- Data for Name: usuario_usuario_groups; Type: TABLE DATA; Schema: public; Owner: postgres
--

COPY public.usuario_usuario_groups (id, usuario_id, group_id) FROM stdin;
\.


--
-- Data for Name: usuario_usuario_user_permissions; Type: TABLE DATA; Schema: public; Owner: postgres
--

COPY public.usuario_usuario_user_permissions (id, usuario_id, permission_id) FROM stdin;
\.


--
-- Name: auth_group_id_seq; Type: SEQUENCE SET; Schema: public; Owner: postgres
--

SELECT pg_catalog.setval('public.auth_group_id_seq', 1, false);


--
-- Name: auth_group_permissions_id_seq; Type: SEQUENCE SET; Schema: public; Owner: postgres
--

SELECT pg_catalog.setval('public.auth_group_permissions_id_seq', 1, false);


--
-- Name: auth_permission_id_seq; Type: SEQUENCE SET; Schema: public; Owner: postgres
--

SELECT pg_catalog.setval('public.auth_permission_id_seq', 60, true);


--
-- Name: django_admin_log_id_seq; Type: SEQUENCE SET; Schema: public; Owner: postgres
--

SELECT pg_catalog.setval('public.django_admin_log_id_seq', 1, false);


--
-- Name: django_content_type_id_seq; Type: SEQUENCE SET; Schema: public; Owner: postgres
--

SELECT pg_catalog.setval('public.django_content_type_id_seq', 15, true);


--
-- Name: django_migrations_id_seq; Type: SEQUENCE SET; Schema: public; Owner: postgres
--

SELECT pg_catalog.setval('public.django_migrations_id_seq', 23, true);


--
-- Name: propiedad_localidad_id_seq; Type: SEQUENCE SET; Schema: public; Owner: postgres
--

SELECT pg_catalog.setval('public.propiedad_localidad_id_seq', 48, true);


--
-- Name: propiedad_propiedad_id_seq; Type: SEQUENCE SET; Schema: public; Owner: postgres
--

SELECT pg_catalog.setval('public.propiedad_propiedad_id_seq', 3, true);


--
-- Name: propiedad_propiedadfoto_id_seq; Type: SEQUENCE SET; Schema: public; Owner: postgres
--

SELECT pg_catalog.setval('public.propiedad_propiedadfoto_id_seq', 1, false);


--
-- Name: propiedad_tipooperacion_id_seq; Type: SEQUENCE SET; Schema: public; Owner: postgres
--

SELECT pg_catalog.setval('public.propiedad_tipooperacion_id_seq', 3, true);


--
-- Name: propiedad_tipopropiedad_id_seq; Type: SEQUENCE SET; Schema: public; Owner: postgres
--

SELECT pg_catalog.setval('public.propiedad_tipopropiedad_id_seq', 8, true);


--
-- Name: publicacion_agentepublicacion_id_seq; Type: SEQUENCE SET; Schema: public; Owner: postgres
--

SELECT pg_catalog.setval('public.publicacion_agentepublicacion_id_seq', 1, false);


--
-- Name: publicacion_publicacion_id_seq; Type: SEQUENCE SET; Schema: public; Owner: postgres
--

SELECT pg_catalog.setval('public.publicacion_publicacion_id_seq', 1, false);


--
-- Name: publicacion_publicaciontipooper_id_seq; Type: SEQUENCE SET; Schema: public; Owner: postgres
--

SELECT pg_catalog.setval('public.publicacion_publicaciontipooper_id_seq', 1, false);


--
-- Name: publicacion_publicaciontipoprop_id_seq; Type: SEQUENCE SET; Schema: public; Owner: postgres
--

SELECT pg_catalog.setval('public.publicacion_publicaciontipoprop_id_seq', 1, false);


--
-- Name: usuario_usuario_groups_id_seq; Type: SEQUENCE SET; Schema: public; Owner: postgres
--

SELECT pg_catalog.setval('public.usuario_usuario_groups_id_seq', 1, false);


--
-- Name: usuario_usuario_id_seq; Type: SEQUENCE SET; Schema: public; Owner: postgres
--

SELECT pg_catalog.setval('public.usuario_usuario_id_seq', 2, true);


--
-- Name: usuario_usuario_user_permissions_id_seq; Type: SEQUENCE SET; Schema: public; Owner: postgres
--

SELECT pg_catalog.setval('public.usuario_usuario_user_permissions_id_seq', 1, false);


--
-- Name: auth_group auth_group_name_key; Type: CONSTRAINT; Schema: public; Owner: postgres
--

ALTER TABLE ONLY public.auth_group
    ADD CONSTRAINT auth_group_name_key UNIQUE (name);


--
-- Name: auth_group_permissions auth_group_permissions_group_id_permission_id_0cd325b0_uniq; Type: CONSTRAINT; Schema: public; Owner: postgres
--

ALTER TABLE ONLY public.auth_group_permissions
    ADD CONSTRAINT auth_group_permissions_group_id_permission_id_0cd325b0_uniq UNIQUE (group_id, permission_id);


--
-- Name: auth_group_permissions auth_group_permissions_pkey; Type: CONSTRAINT; Schema: public; Owner: postgres
--

ALTER TABLE ONLY public.auth_group_permissions
    ADD CONSTRAINT auth_group_permissions_pkey PRIMARY KEY (id);


--
-- Name: auth_group auth_group_pkey; Type: CONSTRAINT; Schema: public; Owner: postgres
--

ALTER TABLE ONLY public.auth_group
    ADD CONSTRAINT auth_group_pkey PRIMARY KEY (id);


--
-- Name: auth_permission auth_permission_content_type_id_codename_01ab375a_uniq; Type: CONSTRAINT; Schema: public; Owner: postgres
--

ALTER TABLE ONLY public.auth_permission
    ADD CONSTRAINT auth_permission_content_type_id_codename_01ab375a_uniq UNIQUE (content_type_id, codename);


--
-- Name: auth_permission auth_permission_pkey; Type: CONSTRAINT; Schema: public; Owner: postgres
--

ALTER TABLE ONLY public.auth_permission
    ADD CONSTRAINT auth_permission_pkey PRIMARY KEY (id);


--
-- Name: django_admin_log django_admin_log_pkey; Type: CONSTRAINT; Schema: public; Owner: postgres
--

ALTER TABLE ONLY public.django_admin_log
    ADD CONSTRAINT django_admin_log_pkey PRIMARY KEY (id);


--
-- Name: django_content_type django_content_type_app_label_model_76bd3d3b_uniq; Type: CONSTRAINT; Schema: public; Owner: postgres
--

ALTER TABLE ONLY public.django_content_type
    ADD CONSTRAINT django_content_type_app_label_model_76bd3d3b_uniq UNIQUE (app_label, model);


--
-- Name: django_content_type django_content_type_pkey; Type: CONSTRAINT; Schema: public; Owner: postgres
--

ALTER TABLE ONLY public.django_content_type
    ADD CONSTRAINT django_content_type_pkey PRIMARY KEY (id);


--
-- Name: django_migrations django_migrations_pkey; Type: CONSTRAINT; Schema: public; Owner: postgres
--

ALTER TABLE ONLY public.django_migrations
    ADD CONSTRAINT django_migrations_pkey PRIMARY KEY (id);


--
-- Name: django_session django_session_pkey; Type: CONSTRAINT; Schema: public; Owner: postgres
--

ALTER TABLE ONLY public.django_session
    ADD CONSTRAINT django_session_pkey PRIMARY KEY (session_key);


--
-- Name: propiedad_localidad propiedad_localidad_pkey; Type: CONSTRAINT; Schema: public; Owner: postgres
--

ALTER TABLE ONLY public.propiedad_localidad
    ADD CONSTRAINT propiedad_localidad_pkey PRIMARY KEY (id);


--
-- Name: propiedad_propiedad propiedad_propiedad_pkey; Type: CONSTRAINT; Schema: public; Owner: postgres
--

ALTER TABLE ONLY public.propiedad_propiedad
    ADD CONSTRAINT propiedad_propiedad_pkey PRIMARY KEY (id);


--
-- Name: propiedad_propiedadfoto propiedad_propiedadfoto_pkey; Type: CONSTRAINT; Schema: public; Owner: postgres
--

ALTER TABLE ONLY public.propiedad_propiedadfoto
    ADD CONSTRAINT propiedad_propiedadfoto_pkey PRIMARY KEY (id);


--
-- Name: propiedad_tipooperacion propiedad_tipooperacion_pkey; Type: CONSTRAINT; Schema: public; Owner: postgres
--

ALTER TABLE ONLY public.propiedad_tipooperacion
    ADD CONSTRAINT propiedad_tipooperacion_pkey PRIMARY KEY (id);


--
-- Name: propiedad_tipopropiedad propiedad_tipopropiedad_pkey; Type: CONSTRAINT; Schema: public; Owner: postgres
--

ALTER TABLE ONLY public.propiedad_tipopropiedad
    ADD CONSTRAINT propiedad_tipopropiedad_pkey PRIMARY KEY (id);


--
-- Name: publicacion_agentepublicacion publicacion_agentepublicacion_pkey; Type: CONSTRAINT; Schema: public; Owner: postgres
--

ALTER TABLE ONLY public.publicacion_agentepublicacion
    ADD CONSTRAINT publicacion_agentepublicacion_pkey PRIMARY KEY (id);


--
-- Name: publicacion_publicacion publicacion_publicacion_pkey; Type: CONSTRAINT; Schema: public; Owner: postgres
--

ALTER TABLE ONLY public.publicacion_publicacion
    ADD CONSTRAINT publicacion_publicacion_pkey PRIMARY KEY (id);


--
-- Name: publicacion_publicaciontipooper publicacion_publicaciontipooper_pkey; Type: CONSTRAINT; Schema: public; Owner: postgres
--

ALTER TABLE ONLY public.publicacion_publicaciontipooper
    ADD CONSTRAINT publicacion_publicaciontipooper_pkey PRIMARY KEY (id);


--
-- Name: publicacion_publicaciontipoprop publicacion_publicaciontipoprop_pkey; Type: CONSTRAINT; Schema: public; Owner: postgres
--

ALTER TABLE ONLY public.publicacion_publicaciontipoprop
    ADD CONSTRAINT publicacion_publicaciontipoprop_pkey PRIMARY KEY (id);


--
-- Name: usuario_usuario_groups usuario_usuario_groups_pkey; Type: CONSTRAINT; Schema: public; Owner: postgres
--

ALTER TABLE ONLY public.usuario_usuario_groups
    ADD CONSTRAINT usuario_usuario_groups_pkey PRIMARY KEY (id);


--
-- Name: usuario_usuario_groups usuario_usuario_groups_usuario_id_group_id_a4cfb0b8_uniq; Type: CONSTRAINT; Schema: public; Owner: postgres
--

ALTER TABLE ONLY public.usuario_usuario_groups
    ADD CONSTRAINT usuario_usuario_groups_usuario_id_group_id_a4cfb0b8_uniq UNIQUE (usuario_id, group_id);


--
-- Name: usuario_usuario usuario_usuario_pkey; Type: CONSTRAINT; Schema: public; Owner: postgres
--

ALTER TABLE ONLY public.usuario_usuario
    ADD CONSTRAINT usuario_usuario_pkey PRIMARY KEY (id);


--
-- Name: usuario_usuario_user_permissions usuario_usuario_user_per_usuario_id_permission_id_c0a85055_uniq; Type: CONSTRAINT; Schema: public; Owner: postgres
--

ALTER TABLE ONLY public.usuario_usuario_user_permissions
    ADD CONSTRAINT usuario_usuario_user_per_usuario_id_permission_id_c0a85055_uniq UNIQUE (usuario_id, permission_id);


--
-- Name: usuario_usuario_user_permissions usuario_usuario_user_permissions_pkey; Type: CONSTRAINT; Schema: public; Owner: postgres
--

ALTER TABLE ONLY public.usuario_usuario_user_permissions
    ADD CONSTRAINT usuario_usuario_user_permissions_pkey PRIMARY KEY (id);


--
-- Name: usuario_usuario usuario_usuario_username_key; Type: CONSTRAINT; Schema: public; Owner: postgres
--

ALTER TABLE ONLY public.usuario_usuario
    ADD CONSTRAINT usuario_usuario_username_key UNIQUE (username);


--
-- Name: auth_group_name_a6ea08ec_like; Type: INDEX; Schema: public; Owner: postgres
--

CREATE INDEX auth_group_name_a6ea08ec_like ON public.auth_group USING btree (name varchar_pattern_ops);


--
-- Name: auth_group_permissions_group_id_b120cbf9; Type: INDEX; Schema: public; Owner: postgres
--

CREATE INDEX auth_group_permissions_group_id_b120cbf9 ON public.auth_group_permissions USING btree (group_id);


--
-- Name: auth_group_permissions_permission_id_84c5c92e; Type: INDEX; Schema: public; Owner: postgres
--

CREATE INDEX auth_group_permissions_permission_id_84c5c92e ON public.auth_group_permissions USING btree (permission_id);


--
-- Name: auth_permission_content_type_id_2f476e4b; Type: INDEX; Schema: public; Owner: postgres
--

CREATE INDEX auth_permission_content_type_id_2f476e4b ON public.auth_permission USING btree (content_type_id);


--
-- Name: django_admin_log_content_type_id_c4bce8eb; Type: INDEX; Schema: public; Owner: postgres
--

CREATE INDEX django_admin_log_content_type_id_c4bce8eb ON public.django_admin_log USING btree (content_type_id);


--
-- Name: django_admin_log_user_id_c564eba6; Type: INDEX; Schema: public; Owner: postgres
--

CREATE INDEX django_admin_log_user_id_c564eba6 ON public.django_admin_log USING btree (user_id);


--
-- Name: django_session_expire_date_a5c62663; Type: INDEX; Schema: public; Owner: postgres
--

CREATE INDEX django_session_expire_date_a5c62663 ON public.django_session USING btree (expire_date);


--
-- Name: django_session_session_key_c0390e0f_like; Type: INDEX; Schema: public; Owner: postgres
--

CREATE INDEX django_session_session_key_c0390e0f_like ON public.django_session USING btree (session_key varchar_pattern_ops);


--
-- Name: propiedad_propiedad_agente_id_232621ce; Type: INDEX; Schema: public; Owner: postgres
--

CREATE INDEX propiedad_propiedad_agente_id_232621ce ON public.propiedad_propiedad USING btree (agente_id);


--
-- Name: propiedad_propiedad_localidad_id_5a5a9687; Type: INDEX; Schema: public; Owner: postgres
--

CREATE INDEX propiedad_propiedad_localidad_id_5a5a9687 ON public.propiedad_propiedad USING btree (localidad_id);


--
-- Name: propiedad_propiedad_tipo_operacion_id_81c26b69; Type: INDEX; Schema: public; Owner: postgres
--

CREATE INDEX propiedad_propiedad_tipo_operacion_id_81c26b69 ON public.propiedad_propiedad USING btree (tipo_operacion_id);


--
-- Name: propiedad_propiedad_tipo_propiedad_id_df413b0c; Type: INDEX; Schema: public; Owner: postgres
--

CREATE INDEX propiedad_propiedad_tipo_propiedad_id_df413b0c ON public.propiedad_propiedad USING btree (tipo_propiedad_id);


--
-- Name: propiedad_propiedadfoto_propiedad_id_ab1df0cf; Type: INDEX; Schema: public; Owner: postgres
--

CREATE INDEX propiedad_propiedadfoto_propiedad_id_ab1df0cf ON public.propiedad_propiedadfoto USING btree (propiedad_id);


--
-- Name: publicacion_agentepublicacion_agente_id_52b4bc8f; Type: INDEX; Schema: public; Owner: postgres
--

CREATE INDEX publicacion_agentepublicacion_agente_id_52b4bc8f ON public.publicacion_agentepublicacion USING btree (agente_id);


--
-- Name: publicacion_agentepublicacion_publicacion_id_0fb7d72e; Type: INDEX; Schema: public; Owner: postgres
--

CREATE INDEX publicacion_agentepublicacion_publicacion_id_0fb7d72e ON public.publicacion_agentepublicacion USING btree (publicacion_id);


--
-- Name: publicacion_publicacion_cliente_id_868e1533; Type: INDEX; Schema: public; Owner: postgres
--

CREATE INDEX publicacion_publicacion_cliente_id_868e1533 ON public.publicacion_publicacion USING btree (cliente_id);


--
-- Name: publicacion_publicacion_localidad_id_78551bc7; Type: INDEX; Schema: public; Owner: postgres
--

CREATE INDEX publicacion_publicacion_localidad_id_78551bc7 ON public.publicacion_publicacion USING btree (localidad_id);


--
-- Name: publicacion_publicacion_tipo_operacion_id_36a10370; Type: INDEX; Schema: public; Owner: postgres
--

CREATE INDEX publicacion_publicacion_tipo_operacion_id_36a10370 ON public.publicacion_publicacion USING btree (tipo_operacion_id);


--
-- Name: publicacion_publicacion_tipo_propiedad_id_1099606f; Type: INDEX; Schema: public; Owner: postgres
--

CREATE INDEX publicacion_publicacion_tipo_propiedad_id_1099606f ON public.publicacion_publicacion USING btree (tipo_propiedad_id);


--
-- Name: publicacion_publicaciontipooper_publicacion_id_d87a753c; Type: INDEX; Schema: public; Owner: postgres
--

CREATE INDEX publicacion_publicaciontipooper_publicacion_id_d87a753c ON public.publicacion_publicaciontipooper USING btree (publicacion_id);


--
-- Name: publicacion_publicaciontipooper_tipo_operacion_id_e1728578; Type: INDEX; Schema: public; Owner: postgres
--

CREATE INDEX publicacion_publicaciontipooper_tipo_operacion_id_e1728578 ON public.publicacion_publicaciontipooper USING btree (tipo_operacion_id);


--
-- Name: publicacion_publicaciontipoprop_publicacion_id_a559b0b2; Type: INDEX; Schema: public; Owner: postgres
--

CREATE INDEX publicacion_publicaciontipoprop_publicacion_id_a559b0b2 ON public.publicacion_publicaciontipoprop USING btree (publicacion_id);


--
-- Name: publicacion_publicaciontipoprop_tipo_propiedad_id_8162a65a; Type: INDEX; Schema: public; Owner: postgres
--

CREATE INDEX publicacion_publicaciontipoprop_tipo_propiedad_id_8162a65a ON public.publicacion_publicaciontipoprop USING btree (tipo_propiedad_id);


--
-- Name: usuario_usuario_groups_group_id_b9c090f8; Type: INDEX; Schema: public; Owner: postgres
--

CREATE INDEX usuario_usuario_groups_group_id_b9c090f8 ON public.usuario_usuario_groups USING btree (group_id);


--
-- Name: usuario_usuario_groups_usuario_id_62de76a1; Type: INDEX; Schema: public; Owner: postgres
--

CREATE INDEX usuario_usuario_groups_usuario_id_62de76a1 ON public.usuario_usuario_groups USING btree (usuario_id);


--
-- Name: usuario_usuario_user_permissions_permission_id_5cad0a4b; Type: INDEX; Schema: public; Owner: postgres
--

CREATE INDEX usuario_usuario_user_permissions_permission_id_5cad0a4b ON public.usuario_usuario_user_permissions USING btree (permission_id);


--
-- Name: usuario_usuario_user_permissions_usuario_id_5969a193; Type: INDEX; Schema: public; Owner: postgres
--

CREATE INDEX usuario_usuario_user_permissions_usuario_id_5969a193 ON public.usuario_usuario_user_permissions USING btree (usuario_id);


--
-- Name: usuario_usuario_username_9e5f6fb3_like; Type: INDEX; Schema: public; Owner: postgres
--

CREATE INDEX usuario_usuario_username_9e5f6fb3_like ON public.usuario_usuario USING btree (username varchar_pattern_ops);


--
-- Name: auth_group_permissions auth_group_permissio_permission_id_84c5c92e_fk_auth_perm; Type: FK CONSTRAINT; Schema: public; Owner: postgres
--

ALTER TABLE ONLY public.auth_group_permissions
    ADD CONSTRAINT auth_group_permissio_permission_id_84c5c92e_fk_auth_perm FOREIGN KEY (permission_id) REFERENCES public.auth_permission(id) DEFERRABLE INITIALLY DEFERRED;


--
-- Name: auth_group_permissions auth_group_permissions_group_id_b120cbf9_fk_auth_group_id; Type: FK CONSTRAINT; Schema: public; Owner: postgres
--

ALTER TABLE ONLY public.auth_group_permissions
    ADD CONSTRAINT auth_group_permissions_group_id_b120cbf9_fk_auth_group_id FOREIGN KEY (group_id) REFERENCES public.auth_group(id) DEFERRABLE INITIALLY DEFERRED;


--
-- Name: auth_permission auth_permission_content_type_id_2f476e4b_fk_django_co; Type: FK CONSTRAINT; Schema: public; Owner: postgres
--

ALTER TABLE ONLY public.auth_permission
    ADD CONSTRAINT auth_permission_content_type_id_2f476e4b_fk_django_co FOREIGN KEY (content_type_id) REFERENCES public.django_content_type(id) DEFERRABLE INITIALLY DEFERRED;


--
-- Name: django_admin_log django_admin_log_content_type_id_c4bce8eb_fk_django_co; Type: FK CONSTRAINT; Schema: public; Owner: postgres
--

ALTER TABLE ONLY public.django_admin_log
    ADD CONSTRAINT django_admin_log_content_type_id_c4bce8eb_fk_django_co FOREIGN KEY (content_type_id) REFERENCES public.django_content_type(id) DEFERRABLE INITIALLY DEFERRED;


--
-- Name: django_admin_log django_admin_log_user_id_c564eba6_fk_usuario_usuario_id; Type: FK CONSTRAINT; Schema: public; Owner: postgres
--

ALTER TABLE ONLY public.django_admin_log
    ADD CONSTRAINT django_admin_log_user_id_c564eba6_fk_usuario_usuario_id FOREIGN KEY (user_id) REFERENCES public.usuario_usuario(id) DEFERRABLE INITIALLY DEFERRED;


--
-- Name: propiedad_propiedad propiedad_propiedad_agente_id_232621ce_fk_usuario_usuario_id; Type: FK CONSTRAINT; Schema: public; Owner: postgres
--

ALTER TABLE ONLY public.propiedad_propiedad
    ADD CONSTRAINT propiedad_propiedad_agente_id_232621ce_fk_usuario_usuario_id FOREIGN KEY (agente_id) REFERENCES public.usuario_usuario(id) DEFERRABLE INITIALLY DEFERRED;


--
-- Name: propiedad_propiedad propiedad_propiedad_localidad_id_5a5a9687_fk_propiedad; Type: FK CONSTRAINT; Schema: public; Owner: postgres
--

ALTER TABLE ONLY public.propiedad_propiedad
    ADD CONSTRAINT propiedad_propiedad_localidad_id_5a5a9687_fk_propiedad FOREIGN KEY (localidad_id) REFERENCES public.propiedad_localidad(id) DEFERRABLE INITIALLY DEFERRED;


--
-- Name: propiedad_propiedad propiedad_propiedad_tipo_operacion_id_81c26b69_fk_propiedad; Type: FK CONSTRAINT; Schema: public; Owner: postgres
--

ALTER TABLE ONLY public.propiedad_propiedad
    ADD CONSTRAINT propiedad_propiedad_tipo_operacion_id_81c26b69_fk_propiedad FOREIGN KEY (tipo_operacion_id) REFERENCES public.propiedad_tipooperacion(id) DEFERRABLE INITIALLY DEFERRED;


--
-- Name: propiedad_propiedad propiedad_propiedad_tipo_propiedad_id_df413b0c_fk_propiedad; Type: FK CONSTRAINT; Schema: public; Owner: postgres
--

ALTER TABLE ONLY public.propiedad_propiedad
    ADD CONSTRAINT propiedad_propiedad_tipo_propiedad_id_df413b0c_fk_propiedad FOREIGN KEY (tipo_propiedad_id) REFERENCES public.propiedad_tipopropiedad(id) DEFERRABLE INITIALLY DEFERRED;


--
-- Name: propiedad_propiedadfoto propiedad_propiedadf_propiedad_id_ab1df0cf_fk_propiedad; Type: FK CONSTRAINT; Schema: public; Owner: postgres
--

ALTER TABLE ONLY public.propiedad_propiedadfoto
    ADD CONSTRAINT propiedad_propiedadf_propiedad_id_ab1df0cf_fk_propiedad FOREIGN KEY (propiedad_id) REFERENCES public.propiedad_propiedad(id) DEFERRABLE INITIALLY DEFERRED;


--
-- Name: publicacion_agentepublicacion publicacion_agentepu_agente_id_52b4bc8f_fk_usuario_u; Type: FK CONSTRAINT; Schema: public; Owner: postgres
--

ALTER TABLE ONLY public.publicacion_agentepublicacion
    ADD CONSTRAINT publicacion_agentepu_agente_id_52b4bc8f_fk_usuario_u FOREIGN KEY (agente_id) REFERENCES public.usuario_usuario(id) DEFERRABLE INITIALLY DEFERRED;


--
-- Name: publicacion_agentepublicacion publicacion_agentepu_publicacion_id_0fb7d72e_fk_publicaci; Type: FK CONSTRAINT; Schema: public; Owner: postgres
--

ALTER TABLE ONLY public.publicacion_agentepublicacion
    ADD CONSTRAINT publicacion_agentepu_publicacion_id_0fb7d72e_fk_publicaci FOREIGN KEY (publicacion_id) REFERENCES public.publicacion_publicacion(id) DEFERRABLE INITIALLY DEFERRED;


--
-- Name: publicacion_publicacion publicacion_publicac_cliente_id_868e1533_fk_usuario_u; Type: FK CONSTRAINT; Schema: public; Owner: postgres
--

ALTER TABLE ONLY public.publicacion_publicacion
    ADD CONSTRAINT publicacion_publicac_cliente_id_868e1533_fk_usuario_u FOREIGN KEY (cliente_id) REFERENCES public.usuario_usuario(id) DEFERRABLE INITIALLY DEFERRED;


--
-- Name: publicacion_publicacion publicacion_publicac_localidad_id_78551bc7_fk_propiedad; Type: FK CONSTRAINT; Schema: public; Owner: postgres
--

ALTER TABLE ONLY public.publicacion_publicacion
    ADD CONSTRAINT publicacion_publicac_localidad_id_78551bc7_fk_propiedad FOREIGN KEY (localidad_id) REFERENCES public.propiedad_localidad(id) DEFERRABLE INITIALLY DEFERRED;


--
-- Name: publicacion_publicaciontipoprop publicacion_publicac_publicacion_id_a559b0b2_fk_publicaci; Type: FK CONSTRAINT; Schema: public; Owner: postgres
--

ALTER TABLE ONLY public.publicacion_publicaciontipoprop
    ADD CONSTRAINT publicacion_publicac_publicacion_id_a559b0b2_fk_publicaci FOREIGN KEY (publicacion_id) REFERENCES public.publicacion_publicacion(id) DEFERRABLE INITIALLY DEFERRED;


--
-- Name: publicacion_publicaciontipooper publicacion_publicac_publicacion_id_d87a753c_fk_publicaci; Type: FK CONSTRAINT; Schema: public; Owner: postgres
--

ALTER TABLE ONLY public.publicacion_publicaciontipooper
    ADD CONSTRAINT publicacion_publicac_publicacion_id_d87a753c_fk_publicaci FOREIGN KEY (publicacion_id) REFERENCES public.publicacion_publicacion(id) DEFERRABLE INITIALLY DEFERRED;


--
-- Name: publicacion_publicacion publicacion_publicac_tipo_operacion_id_36a10370_fk_propiedad; Type: FK CONSTRAINT; Schema: public; Owner: postgres
--

ALTER TABLE ONLY public.publicacion_publicacion
    ADD CONSTRAINT publicacion_publicac_tipo_operacion_id_36a10370_fk_propiedad FOREIGN KEY (tipo_operacion_id) REFERENCES public.propiedad_tipooperacion(id) DEFERRABLE INITIALLY DEFERRED;


--
-- Name: publicacion_publicaciontipooper publicacion_publicac_tipo_operacion_id_e1728578_fk_propiedad; Type: FK CONSTRAINT; Schema: public; Owner: postgres
--

ALTER TABLE ONLY public.publicacion_publicaciontipooper
    ADD CONSTRAINT publicacion_publicac_tipo_operacion_id_e1728578_fk_propiedad FOREIGN KEY (tipo_operacion_id) REFERENCES public.propiedad_tipooperacion(id) DEFERRABLE INITIALLY DEFERRED;


--
-- Name: publicacion_publicacion publicacion_publicac_tipo_propiedad_id_1099606f_fk_propiedad; Type: FK CONSTRAINT; Schema: public; Owner: postgres
--

ALTER TABLE ONLY public.publicacion_publicacion
    ADD CONSTRAINT publicacion_publicac_tipo_propiedad_id_1099606f_fk_propiedad FOREIGN KEY (tipo_propiedad_id) REFERENCES public.propiedad_tipopropiedad(id) DEFERRABLE INITIALLY DEFERRED;


--
-- Name: publicacion_publicaciontipoprop publicacion_publicac_tipo_propiedad_id_8162a65a_fk_propiedad; Type: FK CONSTRAINT; Schema: public; Owner: postgres
--

ALTER TABLE ONLY public.publicacion_publicaciontipoprop
    ADD CONSTRAINT publicacion_publicac_tipo_propiedad_id_8162a65a_fk_propiedad FOREIGN KEY (tipo_propiedad_id) REFERENCES public.propiedad_tipopropiedad(id) DEFERRABLE INITIALLY DEFERRED;


--
-- Name: usuario_usuario_groups usuario_usuario_grou_usuario_id_62de76a1_fk_usuario_u; Type: FK CONSTRAINT; Schema: public; Owner: postgres
--

ALTER TABLE ONLY public.usuario_usuario_groups
    ADD CONSTRAINT usuario_usuario_grou_usuario_id_62de76a1_fk_usuario_u FOREIGN KEY (usuario_id) REFERENCES public.usuario_usuario(id) DEFERRABLE INITIALLY DEFERRED;


--
-- Name: usuario_usuario_groups usuario_usuario_groups_group_id_b9c090f8_fk_auth_group_id; Type: FK CONSTRAINT; Schema: public; Owner: postgres
--

ALTER TABLE ONLY public.usuario_usuario_groups
    ADD CONSTRAINT usuario_usuario_groups_group_id_b9c090f8_fk_auth_group_id FOREIGN KEY (group_id) REFERENCES public.auth_group(id) DEFERRABLE INITIALLY DEFERRED;


--
-- Name: usuario_usuario_user_permissions usuario_usuario_user_permission_id_5cad0a4b_fk_auth_perm; Type: FK CONSTRAINT; Schema: public; Owner: postgres
--

ALTER TABLE ONLY public.usuario_usuario_user_permissions
    ADD CONSTRAINT usuario_usuario_user_permission_id_5cad0a4b_fk_auth_perm FOREIGN KEY (permission_id) REFERENCES public.auth_permission(id) DEFERRABLE INITIALLY DEFERRED;


--
-- Name: usuario_usuario_user_permissions usuario_usuario_user_usuario_id_5969a193_fk_usuario_u; Type: FK CONSTRAINT; Schema: public; Owner: postgres
--

ALTER TABLE ONLY public.usuario_usuario_user_permissions
    ADD CONSTRAINT usuario_usuario_user_usuario_id_5969a193_fk_usuario_u FOREIGN KEY (usuario_id) REFERENCES public.usuario_usuario(id) DEFERRABLE INITIALLY DEFERRED;


--
-- PostgreSQL database dump complete
--

